,AP @[IoU=0.50:0.95|area=all|maxDets=10],AP @[IoU=0.5|area=all|maxDets=100],AR @[IoU=0.50:0.95|area=all|maxDets=10],AR @[IoU=0.50:0.95|area=all|maxDets=100],Dataset,Model,Backbone,Interpolation,Snapshot,FPS,Split,DeviceType,DeviceName
0,0.6608755452943813,0.767249397869448,0.7111101794091342,0.7389301380760483,11class,CPNDET,DLA34,None,20000,18.76,testdev,GPU,NVIDIA GeForce RTX 3090
0,0.6704539981709109,0.7779457655527271,0.7192727453526888,0.7455219020489898,11class,CPNDET,DLA34,None,20000,17.86,minival,GPU,NVIDIA GeForce RTX 3090
0,0.6475488992108831,0.7493943739425375,0.7041886716950401,0.7341803739005109,11class,CPNDET,HG104,bilinear,30000,5.82,testdev,GPU,NVIDIA GeForce RTX 3090
0,0.6506703313937329,0.7513028816191037,0.7055620450876474,0.7344068959246737,11class,CPNDET,HG104,bilinear,30000,5.56,minival,GPU,NVIDIA GeForce RTX 3090
0,0.6674334419434992,0.7820258650697992,0.7175858845954919,0.7462607891090847,11class,CPNDET,HG52,bilinear,30000,8.21,testdev,GPU,NVIDIA GeForce RTX 3090
0,0.6793980351320487,0.7966387828427852,0.7264500246630251,0.7537566577659568,11class,CPNDET,HG52,bilinear,30000,7.88,minival,GPU,NVIDIA GeForce RTX 3090
